{"cameraMode":{"drawMode":0,"name":"Shaded","section":"Shading Mode"},"sceneLighting":true,"audioPlay":false,"sceneViewState":{"showFog":true,"showMaterialUpdate":false,"showSkybox":true,"showFlares":true,"showImageEffects":true,"showParticleSystems":true},"in2DMode":false,"pivot":{"x":-4.562450408935547,"y":3.882875442504883,"z":-47.23230743408203},"rotation":{"x":0.21420475840568543,"y":0.47572997212409975,"z":-0.12066233158111572,"w":0.8445343971252441},"size":10.13308334350586,"orthographic":false}