{"cameraMode":{"drawMode":0,"name":"Shaded","section":"Shading Mode"},"sceneLighting":false,"audioPlay":false,"sceneViewState":{"showFog":true,"showMaterialUpdate":false,"showSkybox":false,"showFlares":true,"showImageEffects":true,"showParticleSystems":true},"in2DMode":false,"pivot":{"x":18.299652099609376,"y":-1.478790283203125,"z":-24.88519287109375},"rotation":{"x":0.21420475840568543,"y":0.47572997212409975,"z":-0.12066233158111572,"w":0.8445343971252441},"size":104.64314270019531,"orthographic":false}